Name,Faction,Class,Role,AFK Stages tier,Dream Realm tier,Dream Realm Endless tier,PVP tier,Movement,Signature skill speed,Non-ultimate speed,DoT,HoT,Summons,Energy provider,Magic DMG,Ranged DMG,Physical DMG,True DMG,HP Loss DMG,Max HP DMG,Healing,Shields,Stun,Knock down,Knock up,Knock back,Frighten,Silence,Charm,Sleep,Displace,Bind,Interrupt,Taunt,Blind,Unaffected,Steadfast,Immune,Untargetable,Cleanse,ATK buff,ATK SPD buff,Haste buff,Crit buff,DEF Penetration buff,DEF buff,Damage taken reduction,Magic damage reduction,Energy recovery,Execution buff,Fatal blow immunity,Invincible,Lifedrain buff,Max HP buff,Summon damage buff,Ally empower buff,Attack range buff,Healing stat buff,Ranged DEF buff,Crit DMG boost,Vitality buff,Dodge chance buff,Movement speed buff,ATK debuff,Blind HP loss debuff,DoT debuff,Damage taken debuff,Magic damage amplification,Energy drain,Execution debuff,Haste debuff,Magic DEF debuff,Max HP debuff,Movement speed debuff,Phys DEF debuff,Vitality debuff,Healing debuff,Crit Resist debuff,Vulnerable debuff
Aliceth,Celestial,Marksman,Damage dealer,B,B,S+,S,stationary,,fast,yes,,,,,,"Area, Single target",,Single target — low,Single target — average,,,Single target — average,,,Single target — low,,,,,,,,,Area — average,,,,,,Multiple targets — average,,,,Single target — average,,,,,,Single target — average — conditional (rare),,,,,Single target — average,Single target — average,,,,,,,,,,,,,,,,,,,,,,
Alna,Celestial,Tank,Tank,S+,C,C,S+,moving,fast,fast,yes,,,,,,"Arc, Area, Single target",,,"All units, Arc, Area, Single target — high",,,,,,,,,,,,Area — average,,,,,,Self — Start of battle,,,Single target — average,,,,,,,,,,,,,,,,,,,,,,,,,,,,,,,,,,,,,,
Alsa,Mauler,Mage,Damage dealer,C,C,C,C,mostly stationary,,fast,,,,,"All units, Area, Single target",,,,,"All units, Area, Single target — average",,,Single target — average,,,Single target — low,,,,,,,,,,,,Self — Conditional,,,,,,,,,,,,,,,,,,,,,,,,,,,,,,,,,,,,,,,,,
Antandra,Mauler,Tank,Tank,B,C,C,B,high movement,,fast,,,,,,,"Arc, Area",,,,,,Area — average,Area — low,,,,,,,,,,Area — low,,Area — On skill,,,,,,,,,,Single target — average,,,,,,,,,,,,,,,,,,,,,,,,,,,,,,,,,
Arden,Wilder,Mage,Damage dealer,A,C,C,C,stationary,,fast,yes,,,,Area,,,,,Area — average,,,,,,,,,,,,Multiple targets — average,,,,,,,,,,,,,,,,,Single target — average,,,,,,,,,,,,,,,,,,,,,,,,,,,,,,
Atalanta,Lightbearer,Marksman,Damage dealer,C,C,C,C,high movement,,fast,,,,,,,"Area, Single target",,,"Area, Single target — average",,,Single target — average,,,Single target — low,,,,,,Single target — average,,,,,,,,,,,,,,,,,,,,,,,,,,,,,,,,,,,,,,,,,,,,,,,
Athalia,Celestial,Rogue,Damage dealer,A+,B,C,S,high movement,,fast,,,,,,,"All units, Area, Single target","All units, Single target — high",All units — high,Area — high,,,,Single target — low,,,,,,,,,,,,Self — On skill,,,,,,,,,,,,,,,,,,,,,,,,,,,,,,,,,,,,,,,,,,,
Aurora,Celestial,Mage,Support,A+,A+,S+,B,high movement,,fast,,,yes,,"Area, Single target",,,,,Area — high,,,,,,,,,,,,Area — low,,,,Self — On skill,,,,,,,,,,,,,,,,,,,Summons only — average,,,,,,,,,,,,,,,,,,,,,,,,
Baelran,Celestial,Warrior,Tank,S,A,S,S,moving,,fast,,,,,,,"Area, Single target","Arc, Area, Single target — average",,"Area, Single target — high",,,,Area — average,Single target — low,,,,,,,,,,,Self — Form,,,,,,,,,,,,,,,,,,,,,,,,,,,,,,,,,,,,,,,,,,,
Berial,Hypogean,Rogue,Damage dealer,C,C,C,B,high movement,,fast,yes,,yes,,"Area, Single target",,,,,"Area, Single target — average",,,,,,,Area — average,,,,,,,,,,,,,,,,,,,,,,,,,,,,,,,,,,,,,,,,,,Single target — average,,,,,,,,,,
Bonnie,Graveborn,Marksman,Specialist,A,A,C,A+,high movement,fast,fast,,,,,"Area, Single target",,,,,Single target — low,,,Single target — average,,,,,,,,,,,,,,,,,,,,,,,,,,,,,,,,,,,,,,,,,,,,,Single target — low,,,,,,,,,,,
Brutus,Mauler,Warrior,Tank,A,B,C,A,moving,fast,fast,yes,,,,,,"Arc, Single target",,,"Arc, Area, Single target — low",,,,,,,,,,,,,,Area — average,,Self — On skill,,Self — On skill,,,,,,,,,,,,,,,Single target — average,,,,,,,,,,,,,,,,,,,,,,,,,,
Bryon,Wilder,Marksman,Damage dealer,A+,C,C,C,stationary,slow,fast,yes,,yes,,Single target,,,,,,,,Single target — low,,,,,,,,,,Single target — low,,,,,,,,,,,,,,,,,,,,,,,,,,,,,,,,,,,,,,,,,,,,,,
Callan,Graveborn,Tank,Tank,A+,C,C,A+,moving,,fast,,,,,"All units, Single target",,,,,All units — average,,Single target — average,All units — average,All units — low,,,,,,,,,,,,Self — On skill,,,,,,,,,,,,,,,,,,,,,,,,,,,,,,,,,,,,,,,,,,,
Carolina,Graveborn,Mage,Specialist,B,C,C,C,mostly stationary,,fast,yes,,,,"Area, Single target",,,,,"Area, Single target — average",,,,,,,,,,,,Single target — high,,,,,,,,,,,,,,,,,,,,,,,,,,,,,,,,,,,,,,,,,,,,,,,
Cassadee,Lightbearer,Mage,Specialist,C,A,C,C,stationary,average,fast,,,,,"All units, Single target",,,,,All units — high,,,Single target — low,,Single target — low,All units — low,,,,,,,,,,,,,,,,,,,,,,,,,,,,,,,,,,,,,,,,,,,,,,,,,,,,,
Cecia,Graveborn,Marksman,Damage dealer,B,B,C,C,mostly stationary,,fast,yes,,,,,,"Arc, Area, Single target",,,"Arc, Single target — low",,,,,,,,,,,,Area — average,,,,,,,,,,,,,Single target — average,,,,,,,,Area — average,Single target — average,,,,,,,,,,,,,,,,,,,,,,,,,
Chippy,Lightbearer,Tank,Tank,,,,,high movement,,average,,,,,,,Single target,,,,,,,,,,,,,,,,,,,,,,,,,,,,,,,,,,,,,,,,,,,,,,,,,,,,,,,,,,,,,,
Contess,Hypogean,Support,Support,A+,S+,S+,S+,stationary,,fast,yes,,,,,,,,Single target — low,,Multiple targets — average,Single target — average,Single target — average,,,,,Single target — high,,,,,,,,,,,Single target — On skill,,Single target — average,,,,,,,,,,,,,,,,,,,,,,,,,,,,,,,,,,,,,,
Cryonaia,Hypogean,Mage,Damage dealer,B,C,B,S,mostly stationary,,fast,yes,,,,"All units, Area, Single target",,,,,"All units, Area, Single target — high",,,,,,,,,,,,,,,,,,Self — Conditional,,,,,,,,,,,,,,,,,,,,,,,,,,,,,,,,,,,,,,,,,
Cyran,Lightbearer,Mage,Specialist,S,C,C,A+,mostly stationary,,fast,yes,,,,"Area, Single target",,,All units — average,,Area — low,,,,Area — low,,,,Single target — high,,,All units — low,Area — low,,,,Self — Start of battle,Single target — Conditional,,,,,,,,,,,,,,,,,,,,,,,,,,,,,,,,,,,,,,,,,,
Daimon,Graveborn,Tank,Tank,A+,B,B,A,stationary,fast,fast,,,,,Single target,,,Area — low,,"Area, Single target — high",,Multiple targets — average,,,,,Area — low,,,,,,,,,,,,,,,,,,,,,,,,,,Single target — average,,,,,,,,,,,,,,,,,,,,,,,,,,
Damian,Wilder,Support,Support,C,B,C,A,stationary,fast,fast,,yes,yes,,"Area, Single target",,,,,Single target — low,,,Single target — high,,,,,,,,,,,,Area — high,,,,,,,,Multiple targets — average — conditional (frequent),,,,,,,,,,,,,,,,,,,,,,,,,,,,,,,,,,,,
Dionel,Celestial,Marksman,Damage dealer,C,C,C,S,moving,,fast,,,,,,,"Area, Single target","All units, Single target — average",,Area — low,,,,,Single target — low,,,,,,,,,,,,,,Area — On skill,,Single target — average,,,,,,,,,,,,,,,,,,,,,,,,,,,,,,,,,,,,,,
Dunlingr,Celestial,Tank,Tank,A,C,C,S+,stationary,,fast,yes,,yes,,"Area, Single target",,,,Single target — low,All units — low,,,,,,,,,,,,,,,,,,,,,Single target — average,All units — average,Single target — average,,,,,,,,,,All units — average,,,,,,,,,,,,,,,,All units — high,,,,,,,,,,
Eironn,Wilder,Rogue,Specialist,S,C,C,A+,moving,,fast,,,,,"Arc, Area, Single target",,,,,"Arc, Area, Single target — average",,,,,,,,,,,Area — low,Area — high,,,,,,,,,,,,,,Single target — average,,,,,,,,,,,,,,,,Single target — average,,,,,,,,,,,,,,,,,
Evie,Lightbearer,Support,Support,B,A+,B,A,high movement,,fast,yes,,,,,,,,,Single target — low,Single target — average,,,,,,,Single target — high,,,Single target — low,Single target — high,,,,,,,,,Multiple targets — average,,,,,,,,,,,,,,,,,,,,,,,,,,,,,,,,,,,,,,
Faramor,Wilder,Rogue,Damage dealer,S,S,A+,B,moving,,fast,yes,,,,,,"Area, Single target","Area, Single target — high",Area — high,Single target — low,,,Area — low,,,,,,,,,,,,,,,,,,,,,,,,,,,,,,,,,,,,,,,,,,,,,,,,,,,,,,,,
Fay,Lightbearer,Support,Support,C,A,B,C,mostly stationary,,fast,,,,,Area,,,,,Area — average,Arc — average; Multiple targets — average,,,,,,,,,,,,,,,,,,,,Multiple targets — average,Multiple targets — average,,,,Multiple targets — average,,,,,,,,,,,,,,,Single target — average,,,,,,,,,,,,,,,,,,
Florabelle,Wilder,Warrior,Damage dealer,A,A+,S,C,stationary,,fast,,,yes,,,,"Area, Single target",,,,,Summons only — average,,,Area — low,,,,,,,,,,,,,Self — Form,,,,,Summons only — average,,,,,,,,,,Summons only — average,,Summons only — average,,,,,,,,,,,,,,,,,,,,,,,,
Frieren,Dimensional,Mage,Damage dealer,S,S+,S+,S,stationary,,fast,yes,,,,"Area, Single target",,,All units — high,,"All units, Area, Single target — high",,,Single target — low,Single target — average,Single target — low,,,,,,,,,,,,,,,,Single target — average,,,,,,,,,,,,,,,,,,,,,,,,,Area — average,,,,,,,,,,,,,
Galahad,Mauler,Mage,Damage dealer,S,A+,S+,A+,stationary,fast,fast,,,,,"All units, Area, Single target",,,,,"All units, Area, Single target — high",,Single target — average,,,,,,,,,,Single target — average,,,,,Self — On skill,,,,,,Single target — average,,,,,,,,,,,,,,,,,,,,,,,,,,,,,,,,,,,,
Gerda,Mauler,Tank,Tank,C,C,C,A,high movement,fast,fast,,yes,,,,,"Area, Multiple targets, Single target",,,"Area, Multiple targets, Single target — average",Multiple targets — average; Single target — average,,Single target — average,,,,,,,Single target — low,,Single target — low,Area — low,,,Self — On skill,,,,,,,,,,,,,,,,,,,,,,,,,,,,,,,,,,,,,,,,,,,
Granny Dahnie,Wilder,Tank,Tank,C,B,C,C,moving,,fast,yes,,,,,,Single target,,,Single target — low,,,,,,,,,,,,Single target — low,,Single target — average,,Self — On skill,,,,,,,Single target — average,,,,,,,,,,,,,,,,,,,,,,,,,,Single target — average,,,,,,,,,,
Gunnar,Hypogean,Tank,Tank,S+,S+,S+,S+,stationary,,fast,yes,,,,,,"All units, Area, Single target",,,"All units, Area, Single target — average",,,Single target — low,,,,,,,,,,,,,,,,,,,Single target — average,,,,,,,,,,,,,,,,,Single target — average,,Single target — average,,,,,,,,,,,,,,,,,,
Gwyneth,Lightbearer,Marksman,Damage dealer,A,S+,?,B,stationary,,fast,yes,,,,,,"Area, Single target",,,Single target — low,,,Area — low,,,,,Area — low,,,,Single target — average,,,,,,,,,,,,,,,,,,,,,,,,,,,,,,,,,,,,,,,,,,,,,,,
Hammie,Lightbearer,Support,Support,,,,,mostly stationary,,average,,,,,Single target,,,,,,,,,,,,,,,,,,,,,,,,,,Multiple targets — average,,,,,,,,,,,,,,,,,,,,,,,,,,,,,,,,,,,,,,
Harak,Hypogean,Warrior,Damage dealer,C,C,A+,B,high movement,fast,fast,yes,,,,,,Single target,,Single target — low,Single target — low,,,,Single target — low,,,,,,,,,,,,Self — On skill,,,,,,,,,,,,,,,,Single target — average,Single target — average,,,,,,,,,,,,,,,,,,,,,,,,,,
Hepler,Mauler,Tank,Tank,B,C,C,A,moving,,fast,,yes,,,,,"Area, Single target",,,"Area, Single target — high",,Multiple targets — average,Area — average,,,,,,,,,,,Area — high,Area — high,,,,,,,,Single target — average,,,Single target — average,,,,,,,,,,,,,,,,,,,,,,,,,,,,,,,,,
Hewynn,Wilder,Support,Support,B,C,C,C,stationary,,fast,,yes,,,,,,,,,,,,,,,,,,,,,,,,Self — On skill,,,,,,,,,,,,,,,,,,,,,,,,,,,,,,,,,,,,,,,,,,,
Himmel,Dimensional,Warrior,Support,S,S+,A+,A+,high movement,slow,fast,,,,,,,"All units, Area, Multiple targets, Single target",All units — high,,"Area, Multiple targets, Single target — high",Single target — average,Single target — average,,Multiple targets — low,,,,,,,,,,,,,,,,,Multiple targets — average,,,,,,,,,,,,,Multiple targets — average,,,,,,,,,,,,,,,,,,,,,,,,,
Hodgkin,Graveborn,Warrior,Specialist,C,C,C,C,moving,,fast,,,yes,,,,"Arc, Area, Single target",,,"Arc, Area — high",,,,,,,,,,,,,,,,,,,,,,,,,,,,,,,,,,,,,,,,,,,,,,,,,Single target — average,,,,,,,,,,
Hugin,Lightbearer,Support,Support,S+,A+,S,A,stationary,fast,fast,,,,,,,,,,,,Multiple targets — average,,,,,,,,,,,,,,,,,,,Multiple targets — average,,Multiple targets — average,,,,,,,,,,,,,,,,,,,,,,,,,,,,,,,,,,,,
Igor,Graveborn,Warrior,Specialist,C,C,C,A,high movement,,fast,,,,,,,"All units, Area",,,"All units, Area — high",,,,,,,,,,,,,,,,,,,,,,,,,,,,,,,,,,,,,,,,,,,,,,,,,,,,,,,,,,,
Indris,Wilder,Marksman,Damage dealer,C,C,C,C,stationary,,fast,,,,,,,Single target,Single target — average,,Single target — low,,,,,,Area — low,,Single target — low,,,,Single target — high,,,,,,,,,,,,,,,,,,,,,,,,,,,,,,,,,,,,,,,,,,,,,,,
Isabella,Graveborn,Support,Support,C,B,A+,C,stationary,,fast,,,,,"Area, Single target",,,,,,,,,,,,,,,,,,,,,Single target — On skill,,,,,Multiple targets — average — conditional (frequent),,Multiple targets — average,,,Single target — average,,,,,,,,,,,,,,,,,,,,,,,,,,,,,,,,,
Kafra,Wilder,Warrior,Specialist,C,C,C,C,high movement,,fast,,,,,,,Single target,,,Single target — average,,,Single target — average,,,Single target — low,,,,,,,,,,Self — On skill,,,,,,,,,,,,,,,,,,,,,,,,,,,,,,,,,,,,,,,,,,,
Kazim,Mauler,Marksman,Damage dealer,,,,,high movement,,fast,,,,,,,"Area, Single target",Single target — low,,"Area, Single target — high",,,Single target — average,,Area — low,,,,,,,,,,,,,,,,Single target — average,,Multiple targets — average,,,,,,Single target — average — conditional (frequent),,,,,,,,,,,,,,,,,,,,,,,,,,,,,,
Koko,Mauler,Support,Support,A,B,B,A,mostly stationary,,fast,,,,,,,"Area, Single target",,,"Area, Single target — average",All units — average,All units — average,Area — average,,,,,,,,,,,,,,,,,,,,,,,,All units — average,,,,,,Multiple targets — average,,,,,,,,Single target — average,,,,,,,,,,,,,,,,,,
Kordan,Mauler,Warrior,Specialist,A,A,S,B,high movement,,fast,,,,,,,"Area, Single target",,,Single target — average,,,,Single target — low,Single target — low,Area — low,,,,,,Area — high,,,,,,,,,Multiple targets — average,,,,Multiple targets — average,Single target — average,,,,,,,Multiple targets — average,,,,,,,,,,,,,,,,,,,,,,,,,,
Korin,Lightbearer,Warrior,Specialist,C,C,C,C,high movement,,fast,,,,,,,Area,"Area, Single target — average",,Area — low,,Single target — average,,,,Area — low,,,,,,Area — average,,,,,,,,,,,,,,,,,,,,,,,,,,,,,,,,,,,,,,,,,,,,,,,
Kruger,Mauler,Warrior,Specialist,C,A+,A,C,moving,,fast,,,,,,,"Area, Single target",,,"Area, Single target — high",,,,Single target — low,,,,,,,,,,,,,,,,,,,,,,Single target — average,,,,,,,,,,,,,,,,,,,,,,,,,,,,,,,,,
Kulu,Hypogean,Marksman,Specialist,A+,C,C,S,high movement,slow,fast,,,,,,,"All units, Area, Single target",,,"All units, Area, Single target — high",,,,,Single target — low,Single target — low,,,,,Single target — low,,,,,Self — On ultimate,,,,,,,,,Single target — average,,,,,,,,,,,,,,,,,,,,,,,,,,,,,,,,,,
Laios,Dimensional,Warrior,Tank,A,C,C,C,moving,slow,fast,,,yes,,,,,,,,,,,,,,,,,,,Area — average,,,,,,,,,Multiple targets — average — conditional (rare),,,,,Single target — average — conditional (rare),,,,,,,,,,,,,,,,,,,,,,,,,,,,,,,,,
Lenya,Wilder,Rogue,Damage dealer,C,B,C,B,high movement,,fast,,,,,,,"Area, Single target",,,"Area, Single target — average",,,Single target — average,,,Area — low,,,,,,,,,,Self — Once,,,,,,,,,,,,,,,,,,,,,,,,,,,,,,,,,,,,,,,,,,,
Lily May,Wilder,Rogue,Damage dealer,A,B,C,A+,high movement,,fast,,,,,Single target,,,Single target — low,,Single target — low,,,,,,,,,,,,,Single target — low,,,Self — Conditional,,,,,,,,,Single target — average,,,,,,,,,,,,,,,,,,,,,,,,Single target — high,,,,,,,,,,
Lorsan,Wilder,Support,Specialist,B,C,C,C,stationary,,fast,yes,,,,Single target,,,,,,All units — average,,Multiple targets — high,,,,,,,,,,,,,Self — On skill,,,,,,,,,,,,,,,,,,,,,,,,,,,,,,,,,,,,,,,,,,,
Lucca,Lightbearer,Tank,Tank,B,C,C,B,moving,,fast,,,,,,,"Area, Single target",,,"Area, Single target — high",,,Area — average,Area — low,Area — low,,,,,,,,Single target — low,,,,,Self — On skill,,,,,,,,Area — average,,,,,,,,,,,,,,,,,,,,,,,,,,,,,,,,,
Lucius,Lightbearer,Tank,Tank,B,C,C,B,moving,,fast,,,,,,,"Area, Single target",,,,,Area — average,Single target — low,,,Single target — low,,,,,,,,,,,,,,,,,,,,,,,,,,,,,,,,,,,,,,,,,,,,,,,,,,,,,
Lucy,Dimensional,Mage,Specialist,,,,,moving,fast,fast,,,,,"All units, Single target",,,,,"All units, Single target — high",,Single target — average,Single target — average,,Single target — low,,,,,,,,,,,Self — On skill,,,,,,,,,,Single target — average,,,,,,,,,,,,,,,,,,,,,,,,,,,,,,,,,
Ludovic,Graveborn,Support,Support,A,B,A,A,stationary,,average,,yes,,,"All units, Single target",,,,,,Area — average; Multiple targets — average,,Single target — average,,,,,,,,,,,,,,,,,,,,,,,,,,,,,,,,,,,,,,,,,,,,,,,,,,,,,,,,
Lumont,Mauler,Tank,Tank,C,C,C,C,high movement,,fast,,,,,,,"Area, Single target",,,Area — average,,,Area — low,,Single target — low,,,,,,,,,Area — average,,Self — On skill,,,,,,,,,,Multiple targets — average,,,,,,,,,,,,,,,,,,,,,,,,,,,,,,,,,
Lyca,Wilder,Marksman,Specialist,C,A,C,B,stationary,,fast,,,,yes,,,"All units, Area, Single target",,,Area — average,,,Single target — average,,,,,,,,,,,,,,,,,,,All units — average,,,,,,,All units — average,,,,,,,,,,,,,,,,,,,,,,,,,,,,,,
Marcille,Dimensional,Mage,Damage dealer,A,C,C,S,stationary,,fast,,,,,"All units, Area, Single target",,,,,"All units, Area, Single target — high",Multiple targets — average,,,,,,,,,,,,Single target — low,,Single target — average,Self — On skill,,,,,,,,,,,,,,,,,,,,,,,,,,,,,,,,,,,,,,,,,,,
Marilee,Lightbearer,Marksman,Damage dealer,B,B,C,C,high movement,,fast,,,,,,,"Multiple targets, Single target",Single target — low,,"Multiple targets, Single target — low",,,Single target — low,,,,,,,,,,,,,,,,,,,,,,,,,,,,,,,,,,,,,,,,,,,,,,,,,,,,,,,,
Mehira,Hypogean,Mage,Specialist,S+,B,A+,A+,moving,,fast,yes,,yes,,"Area, Single target",,,,Single target — average,Area — average,,,,,,,,,Single target — average,,,,,,,,,,Self — On skill,,,,Single target — average,,,,,,,,,,,,,,,,,,,,,,,,,,,,,,,,,,,,
Mikola,Mauler,Support,Support,B,B,A,A,moving,,fast,,yes,,,,,,,,,Multiple targets — average,,,,,,,,,,,,,,,Self — Conditional,,,,,All units — average,,Multiple targets — average,,,Multiple targets — average,,,,,,,,,,,,,,,Multiple targets — average,,,,,,,,,,,,,,,,,,
Mirael,Lightbearer,Mage,Damage dealer,C,C,C,C,stationary,,fast,yes,,,,"Area, Single target",,,,,"Area, Single target — average",,,,,,,,,,,,,,,,,,,,,,,,,,,,,,,,,,,,,,,,,,,,,,,,,,,,,,,,,,,
Nara,Graveborn,Rogue,Specialist,B,C,C,B,mostly stationary,fast,fast,,,,,,,Single target,Single target — high,Single target — average,"Area, Single target — high",Area — average,,,Single target — average,Single target — low,,,,,,Single target — low,,,,,Self — Permanent,,,,,,,,,,,,,,,,,,,,,,,,,,,,,,,,,,,,,,,,,,,
Natsu,Dimensional,Warrior,Damage dealer,,,,,stationary,,fast,yes,,,,Single target,,,,,"Area, Single target — high",,,Single target — average,Area — low,,,,,,,,,,,,,,,,,,,,,,,,,,,,,,,,,,,,,,,,,,,,,,,,,,,,,,,
Nazrik,Mauler,Marksman,Damage dealer,A,A,B,B,stationary,,fast,,,,,,,Single target,Single target — high,,Single target — average,,,Single target — average,,,,,,,,,,,,,,,,,,,,,,,,,,,,,,,,,,,,,,,,,,,,,,,,,,,,,,,,
Nerion,Graveborn,Marksman,Specialist,A,C,C,A+,mostly stationary,,fast,yes,,,,"Area, Single target",,,,,"Area, Single target — high",,,Single target — average,,Area — low,,,,,,,,,,,,,,,,,,,,,,,,,,,,,,,,,,,,,,,,,,,,,,,,,,,,,,
Niru,Graveborn,Support,Support,A+,C,C,A,stationary,,fast,,,,,"All units, Single target",,,,Single target — low,Single target — low,,,,,,,,,,,,,,,,,,,,,,,,,,,,,,,,,,,,,,,,,,,,,,,,,,,,,,,,,,,
Odie,Mauler,Marksman,Damage dealer,A,B,C,C,mostly stationary,fast,fast,yes,,,,Single target,,,,,Single target — low,,,,,,,,,,,,,,,,,,,,,,,,,,,,,,,,,,,,,,,,,,,,,,Single target — average,,,,,,,,,,,,,
Pandora,Dimensional,Support,Support,B,C,A,A+,stationary,fast,fast,yes,,,yes,,,,,All units — low,,Single target — average,,,,,,All units — low,,,,,,,,,,,,,,,,,,,,,,,,,Single target — average,,Single target — average,,,,,,,,,,,,,,,,,,,,,,,,,
Pang,Wilder,Warrior,Damage dealer,C,C,C,B,moving,,fast,,,,,,,"Area, Single target",,,"Area, Single target — high",,Single target — average,Single target — low,,,,,,,,,,,,,Self — On skill,,,,,Single target — average,,,,Single target — average,,,,,,,,,,,,,,,,,,,,,,,,,,,,,,,,,,
Parisa,Wilder,Mage,Specialist,B,C,C,C,mostly stationary,,fast,,,,,"Area, Single target",,,,,Single target — low,,,,,,,,,,,,,,,,,,,,,,,,,,,,,,,,,,,,,,,,,,,,,,,,,,,,,,,,,,,
Perseus,Lightbearer,Warrior,Damage dealer,C,C,C,S,moving,,fast,,,,,,,"Area, Single target",,,Area — average,,,Area — average,,,Area — low,,,,,,,,,,Single target — On skill,,,,,Multiple targets — average,,,,,,,,,,,,,,,,,,,,,,,,,,,,,,,,,,,,,,
Phraesto,Hypogean,Tank,Tank,A+,A,B,A,moving,slow,fast,yes,,yes,yes,"Area, Single target",,,,,"Area, Single target — average",,Single target — average,Single target — average,,,,,,,,,,,Single target — average,,,,,,,,,,,,,Single target — average,,,,,,,Single target — average,,,,,,,,,,,,,,,,,,,,,,,,,
Pippa,Wilder,Mage,Damage dealer,B,C,C,C,high movement,,fast,,,,,Single target,,,Area — low,,Single target — low,,,,,,,,,,,Single target — low,Area — average,,,,Self — On skill,,,,,,,,,,,,,,,,,,,,,,,,,,,,,,,,,Single target — low,,,,,,,,,,
Ravion,Wilder,Rogue,Specialist,A+,A+,A,A,high movement,,fast,,,,yes,,,"Area, Single target",,Single target — low,"Area, Single target — low",,Single target — average — conditional (rare),,Single target — low,,,,,,,Single target — low,,,,,Self — On skill,,,,,Multiple targets — average,,,,,,,,Multiple targets — average,,,,Single target — average — conditional (rare),,,,,,,,,,,,,,,,,,,,,,,,,,
Reinier,Hypogean,Support,Support,B,S,A,B,high movement,fast,fast,,,,,"Multiple targets, Single target",,,,,Single target — low,,,,Single target — low,Single target — low,,,,,,Multiple targets — low,,Single target — low,,,Self — Conditional,Self — Conditional,,,,Single target — average,,,,,,,,,,,,,,,,,,,,,,,,,,,,,,,,,,,,,,
Rhys,Mauler,Marksman,Damage dealer,B,C,C,C,high movement,,fast,,,,,,,"All units, Arc, Single target",,,"All units, Single target — high",Single target — average,,,,,Single target — low,,,,,,,,,,,,Single target — Conditional,,,,,,Single target — average,,,,,,,,,,,,,,,,,,,Single target — average,,,,,,,,,,,,,,,,
Rowan,Lightbearer,Support,Support,A,B,B,A,moving,,fast,,,,yes,Single target,,,,,Single target — high,Area — average,,,,,,,,,,,,,,,,,,,,,,,,,Single target — average,,,Area — average,,,,,Single target — average,,,,,,,,,,,,,,,Single target — average,,,,,,,,,,
Saida,Hypogean,Rogue,Damage dealer,S+,A,A,S,high movement,,fast,yes,,,,"All units, Area, Single target",,,,,Single target — high,Single target — average,Multiple targets — average,,,,,,,,,Single target — low,Single target — low,Single target — low,,,Self — On skill,,,,,,,,,,,,,,,,,,,,,,,,,,,,,,,,,Single target — high,,,,,,,,,,
Salazer,Graveborn,Rogue,Damage dealer,C,C,C,C,moving,fast,fast,,,,,,,"Arc, Single target",,,Arc — average,,Single target — average — conditional (frequent),,,,,,,,,,Single target — high,,,,,,,,,,,,,,,,,,,,,Single target — average,,,,,,,,,,,,,,,,,,,,,,,,,,
Satrana,Mauler,Mage,Specialist,A,C,C,A,moving,,fast,,,,,"Area, Single target",,,,,Single target — low,,,,,,,,,Single target — average,,,,,,,,,,,,,,,,,,,Single target — average,,,,,,,,,,,,,,,,,,Multiple targets — low,,,,,,,,,,,,,
Scarlita,Celestial,Warrior,Specialist,A,C,C,A,moving,fast,fast,,,,,,,"All units, Arc, Area",,,"All units, Arc, Area — high",,Single target — average,Area — average,Arc — low,Area — low,All units — low,,,,,,,,,,Self — Conditional,,,,,,,,,,Single target — average,,,,,,,,,,,,,,,,,,,,,,,,,,,,,,,,,
Seth,Mauler,Rogue,Damage dealer,C,C,C,B,high movement,,fast,,,,,,,Single target,,Single target — average,Single target — low,,,,,,,,,,,,Single target — low,,,,,,,,,,,,Single target — average,,,,,Single target — average,,,,,,,,,,,,,,,,,,,,,,,,,,,,,,
Shadewing,Graveborn,Rogue,Specialist,A+,A,B,S,moving,fast,fast,yes,,,,Single target,,,,Single target — low,,,,,,,,,,,,,,,,,,,,,,,,,,,,,,,,,,,,,,,,,,,,,,,,,,,,,,,,,,,,
Shakir,Mauler,Rogue,Specialist,A,B,B,A,moving,,fast,,,,,,,"Area, Single target",,,Single target — low,,,,,,,,,,,,,,,,Self — Form,,,,,,,Multiple targets — average,,,,Multiple targets — average,,,,,,Single target — average,,,,,,,,,,,,,,,,,,,,,,,,,,
Shemira,Graveborn,Mage,Damage dealer,A+,S+,A,A+,mostly stationary,,fast,,,,,"Area, Single target",,,"Area, Single target — average",,"Area, Single target — high",,,,,,,,,,,,,,,,,,,,,,,,,,,,,,,,,,,,,,,,,,,,,,,,,,,,,,,,,,,
Silven,Lightbearer,Marksman,Damage dealer,S,S,A+,A,stationary,fast,fast,,,,,Single target,,,,,Single target — high,,,,Single target — average,,,,,,,,,,,,,,,,,,,,,Single target — average,,,,,,,,,,,,,,,,,,,,,,,,,,,,,,,,,,
Silvina,Graveborn,Rogue,Damage dealer,C,C,C,B,moving,fast,fast,,,,,,,Single target,,,Single target — average,,,Single target — high,,,,Area — average,,,,,,,,,,,,,,,,,,,,,,,,,,,,,,,,,,,,,,,,,,Single target — average,,,,,,,,,,
Sinbad,Lightbearer,Rogue,Specialist,B,B,C,B,high movement,,fast,,,,,,,Single target,,,Single target — average,,,,,,,,,,,,,,,,Self — Conditional,,,,,,,,,,,,,,,,,,,,,,,,,,,,,,,,,,,,,,,,,,,
Smokey & Meerky,Mauler,Support,Support,A,C,S,C,stationary,,fast,yes,,,,,,,,,,Area — average; Multiple targets — average; Single target — average,,Single target — low,,,,,,,,,,Single target — low,,,,,,,,Multiple targets — average,,,,,,,,Area — average,,,,,,,,,,,,,,,,,,,,,,,,,,,,,,
Solise,Wilder,Support,Support,S,S,S,S,stationary,,fast,,yes,,,All units,,,,,All units — average,All units — average; Multiple targets — average,Summons only — average,,,,,,,,,,,,,,Self — On skill,,,,,Summons only — average,,,,,Summons only — average,,,,,,,,,,,,,,,,,,,,,,,,,,,,,,,,,
Sonja,Lightbearer,Warrior,Support,B,A,B,B,high movement,fast,fast,,,,,,,"Area, Single target",,,"Area, Single target — high",,,Single target — low,,,,,,,,,,,,,,,,,,Multiple targets — average,,,,,Multiple targets — average,,,,,,,,,,,,,,,,,,,,,,,,,,,,,,,,,
Soren,Mauler,Rogue,Specialist,C,C,C,B,moving,,fast,,,,,,,"Area, Multiple targets, Single target",,,"Area, Single target — low",,Single target — average,Multiple targets — average,,,Area — low,,,,,,,,,,,,,,,,,Single target — average,,,,,,,,,,,,,,,,,,,,,,,,,,,,,,,,,,,,
Sylphira,Celestial,Rogue,Damage dealer,A,A+,?,A+,moving,,fast,,,,,"Area, Single target",,,"Area, Single target — average",,"Area, Single target — high",,,,Area — average,,,,Single target — low,,,,,Single target — low,,,Self — On skill,,Self — On skill,,Self — On skill,,,,,,,,,,,,,,,,,,,,,,,,,,,,,Single target — low,,,,,,,,,,
Talene,Celestial,Mage,Specialist,A,C,A,B,moving,,fast,,yes,,,"Area, Single target",,,,,Area — average,,,,,,Area — low,,,,,,,,,,,,,,,Area — average,,,,,,,,,,,,,,,,,,,,,,,,,,,,,,,,,,,,,,
Tasi,Wilder,Mage,Specialist,B,C,C,A,stationary,,fast,yes,,,,Area,,,,,Area — low,,,Area — low,,,,,,,All units — low,,Single target — low,,,,,,,,,,,Single target — average,,,,,,,,,,,,,,,,,,,,,,,,,,,,,,,,,,,,
Temesia,Lightbearer,Tank,Specialist,C,B,C,C,high movement,,fast,,,,,,,"All units, Area, Single target",,,Single target — average,,,,Area — low,,,,,,,,,Single target — low,,,Self — Permanent,,,,,,,,,,,,,,,,,,,,,,,,,,,,,,,,,,,,,,,,,,,
Thador,Wilder,Tank,Tank,S,A+,C,A+,moving,fast,fast,yes,,,yes,,,"Area, Single target",,,"Area, Single target — low",,,,Single target — low,,,,,,,,,,,,,,,,,,,,,,,,,Single target — average,,,,,,,,,,,,,,,,,,,,,,,,,,,,,,
Thoran,Graveborn,Tank,Tank,B,A+,A,A,moving,fast,fast,,,,,,,Single target,,,Single target — low,,,,,,,,,,,,,Single target — low,,,Self — On skill,,,,,,,,,,,,,Single target — average,,,,Single target — average,,,,,,,,,,,,,,,,,,,,,,,,,,
Tilaya,Wilder,Warrior,Tank,A,C,C,A+,high movement,,fast,,,,,,,Single target,,,,,,,,,,,,,,,,,,,Single target — On skill,,,,,,,,,,Area — average,,,,,,,,Area — average,,,,,,,,,,,,,,,,,,,,,,,,,
Twins,Celestial,Support,Support,S,S+,S+,A+,moving / stationary,,fast,,,,,"Area, Single target",,,,,Area — average,Multiple targets — average,Single target — average,,,,Area — low,,,,,,,,,Area — average,Single target — On skill,,,,,Single target — average,,All units — average,,,Single target — average,,,Multiple targets — average,,,,,Multiple targets — average,,,,,,,Multiple targets — average,,,,,,,,,,,,,,,,,,
Ulmus,Wilder,Tank,Specialist,B,C,C,A,moving,fast,fast,,,,,,,"Area, Single target",,,Area — average,,Single target — average,,,Area — low,Area — low,,,,,,Single target — low,,,,Self — Conditional,,,,,,,,,,,,,Single target — average,,,,,,,,,,,,,,,,,,,,,,,,,,,,,,
Vala,Lightbearer,Rogue,Damage dealer,B,C,C,B,high movement,,fast,,,,,,,Single target,Single target — average,Single target — average,Single target — average,,,Single target — average,,,,,,,,,,,,,,,,Multiple targets — Conditional,,,,Single target — average,,,,,,,,,,,,,,,,,,,,,,,,,,Single target — low,,,,,,,,,,
Valen,Lightbearer,Warrior,Damage dealer,C,C,C,C,moving,,fast,,,,,,,"Area, Single target",,,"Area, Single target — average",,,Single target — average,,,,,,,,,,,,,,,,,,,,,,,,,,,,,,,,,,,,,,,,,,,,,,,,,,,,,,,,
Valka,Graveborn,Warrior,Specialist,C,A,B,B,moving,,fast,,,,,,,Area,Single target — high,,Area — high,,,Single target — low,Area — low,,,,,,,,,,,,Self — On skill,,,,,,Multiple targets — average,,,,,,,,,,,Single target — average,,,,,,,,,,,,,,,,,,,,,,,,,,
Velara,Wilder,Support,Support,S+,S,S,A,stationary,,fast,,,,,Single target,,,,,,Area — average,,,,,,,,,,,Single target — high,,,,,,,,,,,Single target — average,,,,,,,,,,,,,,,,,,,,,,,,,,,,,,,,,,,,
Viperian,Graveborn,Mage,Damage dealer,B,C,C,C,mostly stationary,slow,average,,,,,"All units, Single target",,,,,Single target — average,,,,,,,,,,,,,,,,Self — On skill,,,,,,,,,,,,,,,,,,,,,,,,,,,,,,,,,Single target — average,,,,,,,,,,
Walker,Lightbearer,Rogue,Specialist,C,C,C,C,moving,,fast,,,,,,,"Arc, Single target",,,Single target — low,,,Single target — average,,,,,,,,,,,,,,,,,,,,,Single target — average,,,,,,,,,,,,,,,,,,,,,,,,,,,,,,,,,,,
Zandrok,Mauler,Warrior,Specialist,A+,C,C,A+,moving,fast,fast,,,,,,,,,,,,,Area — low,,Area — low,,,,,,,,,,,,,,,,,,Area — average — conditional (frequent),,,,,,,,,,Area — average — conditional (frequent),Multiple targets — average,,,,,,,,,,,,,,,,,,,,,,,,,
Zanie,Lightbearer,Marksman,Specialist,A+,A+,A+,B,moving,,fast,yes,,,,,,Single target,,,,Single target — average,Single target — average,Single target — low,,,Single target — low,,,,,,,,,,,,,,,Single target — average,,,,Single target — average,,,,,,,,,Single target — average,,,,,,,,,,,,,,,,,,,,,,,,,
Zorya,Graveborn,Warrior,Specialist,C,C,C,A+,moving,,fast,,,,,"Arc, Area, Single target",,,,Single target — high,"Arc, Area, Single target — average",,,Area — average,Arc — average,,,,,,,,,,,,Single target — On skill,Self — On skill,,,,,,,,,,,,,,,,,,,,,,,,,,,,,,,,,,,,,,,,,,
